<?xml version="1.0"?>
<!DOCTYPE hibernate-mapping PUBLIC "-//Hibernate/Hibernate Mapping DTD 3.0//EN"
"http://www.hibernate.org/dtd/hibernate-mapping-3.0.dtd">
<!-- Generated 10-21-2015 08:14:47 AM by Hibernate Tools 4.3.1 -->
<hibernate-mapping>
    <class name="sys.model.Tbpais" table="tbpais" catalog="bdempleado" optimistic-lock="version">
        <id name="idPais" type="java.lang.Integer">
            <column name="idPais" />
            <generator class="identity" />
        </id>
        <property name="nombrePais" type="string">
            <column name="nombrePais" length="50" not-null="true" />
        </property>
        <set name="tbempleados" table="tbempleado" inverse="true" lazy="true" fetch="select">
            <key>
                <column name="idPais" not-null="true" />
            </key>
            <one-to-many class="sys.model.Tbempleado" />
        </set>
        <set name="tbdepartamentos" table="tbdepartamento" inverse="true" lazy="true" fetch="select">
            <key>
                <column name="idPais" not-null="true" />
            </key>
            <one-to-many class="sys.model.Tbdepartamento" />
        </set>
    </class>
</hibernate-mapping>
