<?xml version="1.0" encoding="UTF-8"?>
<!DOCTYPE hibernate-configuration PUBLIC "-//Hibernate/Hibernate Configuration DTD 3.0//EN" "http://hibernate.sourceforge.net/hibernate-configuration-3.0.dtd">
<hibernate-configuration>
  <session-factory>
    <property name="hibernate.dialect">org.hibernate.dialect.MySQLDialect</property>
    <property name="hibernate.connection.driver_class">com.mysql.jdbc.Driver</property>
    <property name="hibernate.connection.url">jdbc:mysql://localhost:3306/bdempleado?zeroDateTimeBehavior=convertToNull</property>
    <property name="hibernate.connection.username">root</property>
    <property name="hibernate.connection.password">root</property>
    <property name="hibernate.show_sql">true</property>
    <property name="hibernate.format_sql">true</property>
    <property name="hibernate.current_session_context_class">thread</property>
    <mapping resource="sys/model/Tbempleado.hbm.xml"/>
    <mapping resource="sys/model/Tbpais.hbm.xml"/>
    <mapping resource="sys/model/Tbmunicipio.hbm.xml"/>
    <mapping resource="sys/model/Tbdepartamento.hbm.xml"/>
  </session-factory>
</hibernate-configuration>
